ID,Cluster
0,3
1,2
2,2
3,3
4,2
5,2
6,2
7,3
8,2
9,3
10,2
11,3
12,3
13,5
14,5
15,3
16,3
17,3
18,3
19,3
20,4
21,4
22,4
23,0
24,2
25,2
26,2
27,3
28,3
29,3
30,3
31,3
32,5
33,5
34,3
35,4
36,3
37,3
38,3
39,3
40,2
41,2
42,2
43,2
44,2
45,2
46,2
47,2
48,2
49,2
50,2
51,2
52,5
53,5
54,5
55,5
56,3
57,3
58,3
59,3
60,4
61,4
62,4
63,4
64,2
65,2
66,2
67,2
68,3
69,3
70,3
71,3
72,5
73,4
74,4
75,5
76,3
77,3
78,3
79,3
80,2
81,2
82,2
83,2
84,2
85,2
86,2
87,2
88,2
89,2
90,2
91,2
92,3
93,4
94,5
95,3
96,3
97,3
98,3
99,3
100,4
101,3
102,5
103,0
104,2
105,2
106,2
107,2
108,3
109,3
110,3
111,3
112,5
113,4
114,4
115,0
116,3
117,3
118,3
119,0
120,0
121,0
122,0
123,0
124,0
125,0
126,0
127,0
128,0
129,0
130,0
131,0
132,0
133,0
134,0
135,0
136,0
137,0
138,0
139,0
140,0
141,0
142,0
143,0
144,0
145,0
146,0
147,0
148,0
149,0
150,0
151,0
152,0
153,0
154,0
155,0
156,0
157,0
158,0
159,0
160,2
161,2
162,2
163,2
164,2
165,2
166,2
167,2
168,2
169,2
170,2
171,2
172,5
173,2
174,5
175,5
176,3
177,3
178,3
179,3
180,4
181,4
182,4
183,5
184,2
185,2
186,2
187,2
188,3
189,3
190,3
191,3
192,5
193,5
194,4
195,4
196,3
197,3
198,3
199,3
200,5
201,5
202,2
203,5
204,4
205,5
206,2
207,5
208,5
209,5
210,5
211,5
212,5
213,5
214,5
215,5
216,4
217,4
218,5
219,5
220,5
221,4
222,4
223,5
224,4
225,2
226,2
227,2
228,3
229,5
230,5
231,5
232,5
233,5
234,5
235,5
236,4
237,4
238,4
239,5
240,1
241,1
242,1
243,1
244,1
245,1
246,1
247,1
248,1
249,1
250,1
251,1
252,1
253,1
254,1
255,1
256,1
257,1
258,1
259,1
260,1
261,1
262,1
263,1
264,1
265,1
266,1
267,1
268,1
269,1
270,1
271,1
272,1
273,1
274,1
275,1
276,1
277,1
278,1
279,1
280,2
281,0
282,2
283,0
284,3
285,1
286,2
287,2
288,2
289,2
290,2
291,0
292,5
293,1
294,1
295,4
296,0
297,1
298,3
299,3
300,1
301,0
302,1
303,0
304,3
305,1
306,2
307,2
308,0
309,1
310,1
311,1
312,0
313,3
314,1
315,0
316,3
317,0
318,0
319,0
320,1
321,2
322,2
323,2
324,2
325,2
326,2
327,2
328,2
329,2
330,2
331,2
332,3
333,3
334,5
335,3
336,3
337,3
338,3
339,3
340,5
341,4
342,3
343,5
344,2
345,2
346,2
347,2
348,1
349,3
350,3
351,3
352,5
353,4
354,5
355,4
356,3
357,3
358,3
359,3
360,2
361,2
362,2
363,2
364,3
365,3
366,2
367,3
368,2
369,3
370,3
371,2
372,3
373,3
374,3
375,3
376,3
377,3
378,3
379,3
380,3
381,3
382,3
383,3
384,3
385,3
386,3
387,3
388,3
389,3
390,3
391,3
392,3
393,3
394,3
395,3
396,3
397,3
398,3
399,3
400,2
401,2
402,2
403,2
404,2
405,2
406,2
407,2
408,2
409,2
410,2
411,2
412,5
413,5
414,5
415,5
416,3
417,3
418,3
419,3
420,4
421,0
422,5
423,0
424,2
425,2
426,2
427,2
428,3
429,3
430,3
431,3
432,5
433,5
434,4
435,3
436,3
437,3
438,3
439,3
440,2
441,2
442,2
443,2
444,2
445,2
446,2
447,2
448,0
449,2
450,2
451,2
452,5
453,5
454,5
455,4
456,3
457,3
458,3
459,3
460,0
461,5
462,4
463,5
464,2
465,2
466,2
467,2
468,3
469,3
470,3
471,3
472,5
473,5
474,0
475,0
476,3
477,0
478,3
479,3
480,2
481,2
482,2
483,2
484,2
485,2
486,2
487,2
488,2
489,2
490,2
491,2
492,4
493,3
494,4
495,4
496,3
497,3
498,3
499,3
500,5
501,4
502,3
503,0
504,2
505,2
506,2
507,2
508,3
509,3
510,3
511,3
512,5
513,5
514,4
515,0
516,3
517,3
518,3
519,3
520,0
521,0
522,0
523,0
524,0
525,0
526,0
527,0
528,0
529,0
530,0
531,0
532,0
533,0
534,0
535,0
536,0
537,0
538,0
539,0
540,0
541,0
542,0
543,0
544,0
545,0
546,0
547,0
548,0
549,0
550,0
551,0
552,0
553,0
554,0
555,0
556,0
557,0
558,0
559,0
560,2
561,2
562,2
563,2
564,2
565,2
566,2
567,2
568,2
569,2
570,2
571,2
572,5
573,5
574,5
575,5
576,3
577,3
578,3
579,3
580,4
581,4
582,3
583,5
584,2
585,2
586,2
587,2
588,3
589,3
590,3
591,3
592,5
593,5
594,4
595,4
596,3
597,3
598,3
599,3
600,2
601,2
602,2
603,2
604,4
605,2
606,2
607,2
608,2
609,2
610,2
611,5
612,5
613,5
614,5
615,5
616,3
617,3
618,3
619,3
620,4
621,5
622,5
623,5
624,2
625,2
626,2
627,2
628,5
629,5
630,5
631,5
632,5
633,4
634,4
635,5
636,4
637,3
638,3
639,3
640,2
641,2
642,2
643,5
644,1
645,1
646,1
647,1
648,2
649,2
650,1
651,1
652,1
653,1
654,1
655,1
656,1
657,1
658,1
659,1
660,1
661,1
662,1
663,1
664,1
665,1
666,1
667,1
668,1
669,1
670,1
671,1
672,0
673,5
674,1
675,1
676,1
677,1
678,1
679,1
680,2
681,2
682,1
683,2
684,2
685,1
686,1
687,1
688,2
689,2
690,2
691,0
692,0
693,1
694,1
695,1
696,3
697,3
698,3
699,0
700,1
701,1
702,1
703,1
704,2
705,2
706,2
707,2
708,3
709,1
710,1
711,3
712,0
713,5
714,4
715,0
716,3
717,0
718,0
719,0
720,2
721,2
722,2
723,2
724,2
725,2
726,2
727,2
728,2
729,2
730,2
731,2
732,3
733,5
734,3
735,5
736,3
737,3
738,3
739,3
740,4
741,1
742,3
743,5
744,2
745,2
746,2
747,2
748,3
749,1
750,3
751,3
752,5
753,4
754,4
755,5
756,1
757,3
758,3
759,3
760,2
761,2
762,2
763,2
764,3
765,3
766,3
767,3
768,3
769,3
770,3
771,3
772,3
773,3
774,3
775,3
776,3
777,3
778,3
779,3
780,3
781,3
782,3
783,3
784,3
785,3
786,3
787,3
788,3
789,3
790,3
791,3
792,3
793,3
794,3
795,3
796,3
797,3
798,0
799,0
800,2
801,5
802,2
803,2
804,2
805,2
806,2
807,2
808,2
809,2
810,2
811,2
812,5
813,5
814,5
815,4
816,3
817,3
818,3
819,3
820,5
821,5
822,3
823,0
824,2
825,2
826,2
827,2
828,3
829,3
830,3
831,3
832,5
833,5
834,5
835,0
836,3
837,3
838,3
839,3
840,2
841,2
842,2
843,2
844,2
845,2
846,2
847,2
848,2
849,2
850,2
851,2
852,4
853,4
854,5
855,4
856,3
857,5
858,4
859,3
860,4
861,3
862,3
863,3
864,2
865,2
866,2
867,2
868,3
869,3
870,3
871,3
872,5
873,4
874,4
875,4
876,5
877,4
878,3
879,0
880,2
881,2
882,2
883,2
884,2
885,2
886,2
887,2
888,2
889,2
890,2
891,2
892,4
893,2
894,5
895,4
896,3
897,3
898,3
899,3
900,5
901,5
902,5
903,0
904,2
905,2
906,2
907,2
908,3
909,3
910,3
911,3
912,5
913,4
914,4
915,4
916,3
917,3
918,3
919,3
920,0
921,0
922,0
923,0
924,0
925,0
926,0
927,0
928,0
929,0
930,0
931,0
932,0
933,0
934,0
935,0
936,0
937,0
938,0
939,0
940,0
941,0
942,0
943,0
944,0
945,0
946,0
947,0
948,0
949,0
950,0
951,0
952,0
953,0
954,0
955,0
956,0
957,0
958,0
959,0
960,2
961,2
962,2
963,2
964,2
965,2
966,2
967,2
968,2
969,2
970,2
971,2
972,5
973,5
974,5
975,4
976,3
977,3
978,3
979,3
980,4
981,4
982,4
983,5
984,2
985,2
986,2
987,2
988,3
989,3
990,3
991,3
992,5
993,5
994,4
995,4
996,3
997,3
998,3
999,3
1000,2
1001,5
1002,2
1003,4
1004,4
1005,5
1006,5
1007,5
1008,2
1009,2
1010,5
1011,5
1012,5
1013,5
1014,5
1015,5
1016,4
1017,5
1018,5
1019,5
1020,5
1021,5
1022,5
1023,5
1024,2
1025,2
1026,5
1027,2
1028,5
1029,5
1030,5
1031,5
1032,5
1033,5
1034,5
1035,5
1036,4
1037,3
1038,5
1039,4
1040,1
1041,1
1042,1
1043,1
1044,1
1045,1
1046,1
1047,1
1048,1
1049,1
1050,1
1051,1
1052,1
1053,1
1054,1
1055,1
1056,1
1057,1
1058,1
1059,1
1060,1
1061,1
1062,1
1063,1
1064,1
1065,1
1066,1
1067,1
1068,1
1069,1
1070,1
1071,1
1072,1
1073,1
1074,1
1075,1
1076,1
1077,1
1078,1
1079,1
1080,2
1081,0
1082,2
1083,2
1084,2
1085,1
1086,2
1087,2
1088,2
1089,2
1090,0
1091,0
1092,0
1093,1
1094,1
1095,0
1096,0
1097,1
1098,1
1099,3
1100,1
1101,1
1102,1
1103,0
1104,2
1105,1
1106,2
1107,0
1108,1
1109,1
1110,1
1111,1
1112,0
1113,1
1114,0
1115,0
1116,3
1117,1
1118,1
1119,0
1120,2
1121,2
1122,2
1123,2
1124,2
1125,2
1126,2
1127,2
1128,2
1129,2
1130,2
1131,2
1132,5
1133,5
1134,5
1135,2
1136,1
1137,3
1138,3
1139,3
1140,1
1141,3
1142,3
1143,5
1144,3
1145,3
1146,3
1147,3
1148,3
1149,3
1150,3
1151,3
1152,3
1153,4
1154,3
1155,5
1156,1
1157,3
1158,3
1159,3
1160,2
1161,2
1162,2
1163,2
1164,3
1165,3
1166,3
1167,3
1168,3
1169,3
1170,3
1171,3
1172,3
1173,3
1174,3
1175,3
1176,3
1177,3
1178,3
1179,3
1180,3
1181,3
1182,3
1183,3
1184,3
1185,3
1186,3
1187,3
1188,3
1189,3
1190,3
1191,3
1192,3
1193,3
1194,3
1195,3
1196,3
1197,3
1198,3
1199,3
1200,2
1201,2
1202,2
1203,2
1204,2
1205,2
1206,2
1207,2
1208,2
1209,2
1210,2
1211,2
1212,5
1213,2
1214,5
1215,3
1216,3
1217,3
1218,3
1219,3
1220,5
1221,4
1222,4
1223,0
1224,2
1225,2
1226,2
1227,2
1228,3
1229,3
1230,3
1231,3
1232,5
1233,5
1234,4
1235,0
1236,3
1237,3
1238,3
1239,3
1240,2
1241,2
1242,2
1243,2
1244,2
1245,2
1246,2
1247,2
1248,4
1249,2
1250,2
1251,2
1252,4
1253,4
1254,5
1255,5
1256,3
1257,3
1258,3
1259,3
1260,3
1261,5
1262,4
1263,4
1264,2
1265,2
1266,2
1267,2
1268,3
1269,3
1270,3
1271,3
1272,5
1273,5
1274,5
1275,4
1276,3
1277,3
1278,3
1279,3
1280,2
1281,2
1282,2
1283,2
1284,2
1285,2
1286,2
1287,2
1288,2
1289,2
1290,2
1291,2
1292,3
1293,3
1294,5
1295,5
1296,3
1297,3
1298,3
1299,3
1300,5
1301,5
1302,3
1303,0
1304,2
1305,2
1306,2
1307,2
1308,3
1309,3
1310,3
1311,0
1312,5
1313,4
1314,3
1315,0
1316,3
1317,3
1318,3
1319,3
1320,0
1321,0
1322,0
1323,0
1324,0
1325,0
1326,0
1327,0
1328,0
1329,0
1330,0
1331,0
1332,0
1333,0
1334,0
1335,0
1336,0
1337,0
1338,0
1339,0
1340,0
1341,0
1342,0
1343,0
1344,0
1345,0
1346,0
1347,0
1348,0
1349,0
1350,0
1351,0
1352,0
1353,0
1354,0
1355,0
1356,0
1357,0
1358,0
1359,0
1360,2
1361,2
1362,2
1363,2
1364,2
1365,2
1366,2
1367,2
1368,2
1369,2
1370,2
1371,2
1372,5
1373,5
1374,5
1375,5
1376,3
1377,3
1378,3
1379,3
1380,4
1381,4
1382,3
1383,4
1384,3
1385,2
1386,2
1387,2
1388,3
1389,3
1390,3
1391,3
1392,5
1393,4
1394,5
1395,4
1396,3
1397,3
1398,3
1399,3
1400,2
1401,2
1402,2
1403,2
1404,4
1405,5
1406,5
1407,5
1408,2
1409,5
1410,5
1411,5
1412,5
1413,5
1414,5
1415,4
1416,3
1417,3
1418,3
1419,3
1420,5
1421,4
1422,5
1423,5
1424,5
1425,5
1426,5
1427,5
1428,4
1429,3
1430,4
1431,3
1432,5
1433,5
1434,4
1435,5
1436,3
1437,4
1438,4
1439,5
1440,1
1441,1
1442,1
1443,1
1444,1
1445,1
1446,1
1447,1
1448,1
1449,1
1450,1
1451,1
1452,1
1453,1
1454,1
1455,1
1456,1
1457,1
1458,1
1459,1
1460,1
1461,1
1462,1
1463,1
1464,1
1465,1
1466,1
1467,1
1468,1
1469,1
1470,1
1471,1
1472,1
1473,1
1474,1
1475,1
1476,1
1477,1
1478,1
1479,1
1480,2
1481,0
1482,2
1483,0
1484,2
1485,2
1486,2
1487,2
1488,2
1489,2
1490,2
1491,2
1492,5
1493,0
1494,5
1495,0
1496,3
1497,3
1498,3
1499,3
1500,1
1501,1
1502,1
1503,1
1504,2
1505,2
1506,3
1507,2
1508,3
1509,0
1510,5
1511,0
1512,0
1513,1
1514,0
1515,0
1516,3
1517,0
1518,0
1519,0
1520,2
1521,2
1522,2
1523,2
1524,2
1525,2
1526,2
1527,2
1528,2
1529,2
1530,2
1531,2
1532,3
1533,2
1534,4
1535,4
1536,3
1537,3
1538,3
1539,3
1540,1
1541,4
1542,5
1543,5
1544,2
1545,2
1546,2
1547,2
1548,1
1549,3
1550,3
1551,3
1552,5
1553,4
1554,4
1555,4
1556,1
1557,3
1558,3
1559,3
1560,2
1561,2
1562,2
1563,2
1564,2
1565,2
1566,2
1567,3
1568,2
1569,3
1570,3
1571,3
1572,3
1573,3
1574,3
1575,3
1576,3
1577,3
1578,3
1579,3
1580,3
1581,3
1582,3
1583,3
1584,3
1585,3
1586,3
1587,3
1588,3
1589,3
1590,3
1591,3
1592,3
1593,3
1594,3
1595,3
1596,3
1597,3
1598,3
1599,3
1600,2
1601,2
1602,2
1603,2
1604,2
1605,2
1606,2
1607,2
1608,2
1609,2
1610,2
1611,2
1612,3
1613,5
1614,5
1615,5
1616,3
1617,3
1618,3
1619,3
1620,5
1621,3
1622,3
1623,0
1624,3
1625,3
1626,3
1627,2
1628,3
1629,3
1630,3
1631,3
1632,5
1633,3
1634,3
1635,5
1636,3
1637,3
1638,3
1639,3
1640,2
1641,2
1642,2
1643,2
1644,2
1645,2
1646,2
1647,2
1648,2
1649,2
1650,2
1651,2
1652,5
1653,5
1654,5
1655,5
1656,3
1657,3
1658,3
1659,3
1660,4
1661,4
1662,4
1663,5
1664,2
1665,2
1666,2
1667,2
1668,3
1669,3
1670,3
1671,3
1672,5
1673,4
1674,4
1675,0
1676,3
1677,3
1678,3
1679,3
1680,2
1681,2
1682,2
1683,2
1684,2
1685,2
1686,2
1687,2
1688,2
1689,2
1690,2
1691,2
1692,4
1693,4
1694,5
1695,3
1696,3
1697,3
1698,3
1699,3
1700,5
1701,3
1702,3
1703,5
1704,2
1705,2
1706,2
1707,2
1708,3
1709,3
1710,3
1711,3
1712,5
1713,4
1714,4
1715,5
1716,3
1717,3
1718,3
1719,3
1720,0
1721,0
1722,0
1723,0
1724,0
1725,0
1726,0
1727,0
1728,0
1729,0
1730,0
1731,0
1732,0
1733,0
1734,0
1735,0
1736,0
1737,0
1738,0
1739,0
1740,0
1741,0
1742,0
1743,0
1744,0
1745,0
1746,0
1747,0
1748,0
1749,0
1750,0
1751,0
1752,0
1753,0
1754,0
1755,0
1756,0
1757,0
1758,0
1759,0
1760,2
1761,2
1762,2
1763,2
1764,2
1765,2
1766,2
1767,2
1768,2
1769,2
1770,2
1771,2
1772,3
1773,5
1774,5
1775,5
1776,3
1777,3
1778,3
1779,3
1780,4
1781,4
1782,4
1783,5
1784,2
1785,2
1786,2
1787,2
1788,3
1789,3
1790,3
1791,3
1792,5
1793,5
1794,4
1795,4
1796,3
1797,3
1798,3
1799,3
1800,2
1801,2
1802,2
1803,2
1804,4
1805,2
1806,4
1807,4
1808,2
1809,2
1810,2
1811,2
1812,5
1813,5
1814,5
1815,5
1816,4
1817,4
1818,4
1819,5
1820,5
1821,5
1822,5
1823,5
1824,2
1825,2
1826,2
1827,2
1828,3
1829,4
1830,5
1831,5
1832,5
1833,5
1834,4
1835,4
1836,4
1837,4
1838,4
1839,3
1840,2
1841,2
1842,1
1843,1
1844,1
1845,1
1846,1
1847,1
1848,1
1849,1
1850,1
1851,1
1852,1
1853,1
1854,1
1855,1
1856,1
1857,1
1858,1
1859,1
1860,1
1861,1
1862,1
1863,1
1864,1
1865,1
1866,1
1867,1
1868,1
1869,1
1870,1
1871,1
1872,1
1873,1
1874,1
1875,1
1876,1
1877,1
1878,1
1879,1
1880,2
1881,2
1882,2
1883,0
1884,2
1885,2
1886,2
1887,2
1888,2
1889,2
1890,2
1891,2
1892,5
1893,0
1894,5
1895,0
1896,3
1897,0
1898,0
1899,0
1900,1
1901,1
1902,1
1903,0
1904,2
1905,2
1906,1
1907,2
1908,3
1909,1
1910,3
1911,1
1912,5
1913,0
1914,0
1915,0
1916,3
1917,0
1918,0
1919,0
1920,1
1921,2
1922,2
1923,2
1924,2
1925,2
1926,2
1927,2
1928,2
1929,2
1930,2
1931,2
1932,2
1933,3
1934,3
1935,2
1936,3
1937,3
1938,3
1939,3
1940,3
1941,5
1942,1
1943,5
1944,2
1945,2
1946,2
1947,2
1948,3
1949,3
1950,3
1951,3
1952,3
1953,4
1954,5
1955,5
1956,3
1957,3
1958,3
1959,3
1960,2
1961,2
1962,2
1963,2
1964,3
1965,3
1966,3
1967,3
1968,3
1969,3
1970,3
1971,3
1972,3
1973,3
1974,3
1975,3
1976,3
1977,3
1978,3
1979,3
1980,3
1981,3
1982,3
1983,3
1984,3
1985,3
1986,3
1987,3
1988,3
1989,3
1990,3
1991,3
1992,3
1993,3
1994,3
1995,3
1996,3
1997,3
1998,3
1999,3
2000,2
2001,2
2002,2
2003,2
2004,3
2005,2
2006,2
2007,3
2008,2
2009,4
2010,2
2011,2
2012,5
2013,5
2014,5
2015,3
2016,3
2017,3
2018,3
2019,3
2020,5
2021,5
2022,3
2023,3
2024,2
2025,2
2026,2
2027,2
2028,3
2029,3
2030,3
2031,3
2032,5
2033,5
2034,5
2035,5
2036,3
2037,0
2038,3
2039,3
2040,2
2041,2
2042,2
2043,2
2044,2
2045,2
2046,2
2047,2
2048,2
2049,2
2050,2
2051,2
2052,5
2053,5
2054,5
2055,5
2056,3
2057,4
2058,4
2059,4
2060,4
2061,4
2062,3
2063,5
2064,2
2065,2
2066,2
2067,2
2068,3
2069,3
2070,3
2071,3
2072,5
2073,5
2074,5
2075,5
2076,3
2077,3
2078,3
2079,3
2080,2
2081,2
2082,2
2083,2
2084,2
2085,2
2086,2
2087,2
2088,2
2089,2
2090,2
2091,2
2092,4
2093,3
2094,5
2095,4
2096,3
2097,3
2098,3
2099,3
2100,3
2101,4
2102,5
2103,5
2104,2
2105,2
2106,2
2107,2
2108,3
2109,3
2110,3
2111,3
2112,4
2113,5
2114,3
2115,0
2116,3
2117,3
2118,3
2119,3
2120,0
2121,0
2122,0
2123,0
2124,0
2125,0
2126,0
2127,0
2128,0
2129,0
2130,0
2131,0
2132,0
2133,0
2134,0
2135,0
2136,0
2137,0
2138,0
2139,0
2140,0
2141,0
2142,0
2143,0
2144,0
2145,0
2146,0
2147,0
2148,0
2149,0
2150,0
2151,0
2152,0
2153,0
2154,0
2155,0
2156,0
2157,0
2158,0
2159,0
2160,2
2161,2
2162,2
2163,2
2164,2
2165,2
2166,2
2167,2
2168,2
2169,2
2170,2
2171,2
2172,5
2173,4
2174,5
2175,5
2176,3
2177,3
2178,3
2179,0
2180,4
2181,4
2182,5
2183,4
2184,2
2185,2
2186,2
2187,2
2188,3
2189,3
2190,3
2191,3
2192,5
2193,5
2194,4
2195,4
2196,3
2197,3
2198,3
2199,3
2200,5
2201,2
2202,5
2203,2
2204,4
2205,2
2206,4
2207,4
2208,2
2209,2
2210,2
2211,5
2212,5
2213,5
2214,5
2215,5
2216,3
2217,3
2218,3
2219,3
2220,4
2221,5
2222,4
2223,5
2224,4
2225,4
2226,4
2227,4
2228,3
2229,5
2230,4
2231,3
2232,5
2233,5
2234,5
2235,5
2236,4
2237,4
2238,3
2239,3
2240,2
2241,2
2242,2
2243,5
2244,1
2245,1
2246,1
2247,1
2248,2
2249,1
2250,1
2251,1
2252,1
2253,1
2254,1
2255,1
2256,1
2257,1
2258,1
2259,1
2260,4
2261,1
2262,1
2263,1
2264,1
2265,1
2266,1
2267,1
2268,1
2269,1
2270,1
2271,1
2272,5
2273,5
2274,1
2275,1
2276,1
2277,1
2278,1
2279,1
2280,2
2281,2
2282,0
2283,2
2284,2
2285,1
2286,2
2287,1
2288,2
2289,2
2290,2
2291,2
2292,1
2293,1
2294,1
2295,4
2296,3
2297,0
2298,0
2299,0
2300,3
2301,1
2302,0
2303,1
2304,2
2305,1
2306,2
2307,1
2308,3
2309,1
2310,1
2311,3
2312,3
2313,0
2314,4
2315,0
2316,0
2317,3
2318,3
2319,0
2320,2
2321,2
2322,2
2323,2
2324,1
2325,2
2326,2
2327,2
2328,2
2329,2
2330,2
2331,2
2332,3
2333,5
2334,5
2335,4
2336,3
2337,3
2338,3
2339,3
2340,3
2341,5
2342,3
2343,5
2344,2
2345,2
2346,2
2347,2
2348,1
2349,3
2350,3
2351,3
2352,5
2353,4
2354,4
2355,4
2356,1
2357,3
2358,3
2359,3
2360,2
2361,3
2362,2
2363,2
2364,4
2365,3
2366,3
2367,3
2368,3
2369,3
2370,3
2371,3
2372,3
2373,3
2374,5
2375,3
2376,3
2377,3
2378,3
2379,3
2380,4
2381,3
2382,3
2383,3
2384,3
2385,3
2386,3
2387,3
2388,3
2389,3
2390,3
2391,3
2392,3
2393,3
2394,3
2395,3
2396,3
2397,3
2398,3
2399,3
2400,2
2401,2
2402,2
2403,2
2404,2
2405,3
2406,2
2407,3
2408,2
2409,2
2410,2
2411,2
2412,5
2413,4
2414,5
2415,5
2416,3
2417,3
2418,3
2419,0
2420,5
2421,4
2422,5
2423,0
2424,3
2425,2
2426,3
2427,3
2428,3
2429,3
2430,3
2431,3
2432,5
2433,4
2434,4
2435,4
2436,3
2437,0
2438,3
2439,3
2440,2
2441,2
2442,2
2443,2
2444,2
2445,2
2446,2
2447,2
2448,2
2449,2
2450,2
2451,2
2452,5
2453,5
2454,5
2455,5
2456,3
2457,3
2458,3
2459,3
2460,4
2461,4
2462,5
2463,5
2464,2
2465,2
2466,2
2467,2
2468,3
2469,3
2470,3
2471,3
2472,5
2473,5
2474,4
2475,0
2476,3
2477,5
2478,3
2479,3
2480,2
2481,2
2482,2
2483,2
2484,2
2485,2
2486,2
2487,2
2488,2
2489,2
2490,2
2491,2
2492,4
2493,4
2494,5
2495,3
2496,3
2497,3
2498,3
2499,3
2500,5
2501,3
2502,5
2503,0
2504,2
2505,2
2506,2
2507,2
2508,3
2509,3
2510,3
2511,3
2512,4
2513,4
2514,3
2515,0
2516,3
2517,3
2518,3
2519,3
2520,0
2521,0
2522,0
2523,0
2524,0
2525,0
2526,0
2527,0
2528,0
2529,0
2530,0
2531,0
2532,0
2533,0
2534,0
2535,0
2536,0
2537,0
2538,0
2539,0
2540,0
2541,0
2542,0
2543,0
2544,0
2545,0
2546,0
2547,0
2548,0
2549,0
2550,0
2551,0
2552,0
2553,0
2554,0
2555,0
2556,0
2557,0
2558,0
2559,0
2560,2
2561,2
2562,2
2563,2
2564,2
2565,2
2566,2
2567,2
2568,2
2569,2
2570,2
2571,2
2572,4
2573,5
2574,5
2575,5
2576,3
2577,3
2578,3
2579,3
2580,4
2581,4
2582,5
2583,5
2584,2
2585,2
2586,2
2587,2
2588,3
2589,3
2590,3
2591,3
2592,5
2593,5
2594,4
2595,4
2596,3
2597,3
2598,3
2599,3
2600,2
2601,2
2602,2
2603,2
2604,5
2605,5
2606,5
2607,5
2608,2
2609,4
2610,4
2611,5
2612,5
2613,5
2614,5
2615,5
2616,4
2617,4
2618,5
2619,4
2620,5
2621,5
2622,4
2623,4
2624,2
2625,2
2626,2
2627,2
2628,5
2629,3
2630,1
2631,1
2632,5
2633,5
2634,5
2635,5
2636,3
2637,3
2638,3
2639,3
2640,1
2641,1
2642,1
2643,1
2644,1
2645,1
2646,1
2647,1
2648,1
2649,1
2650,1
2651,1
2652,1
2653,1
2654,1
2655,1
2656,1
2657,1
2658,1
2659,1
2660,1
2661,1
2662,1
2663,1
2664,1
2665,1
2666,1
2667,1
2668,1
2669,1
2670,1
2671,1
2672,1
2673,1
2674,1
2675,1
2676,1
2677,1
2678,1
2679,1
2680,2
2681,0
2682,0
2683,0
2684,2
2685,1
2686,2
2687,2
2688,0
2689,1
2690,1
2691,0
2692,0
2693,1
2694,1
2695,5
2696,0
2697,3
2698,3
2699,3
2700,1
2701,5
2702,0
2703,0
2704,2
2705,1
2706,1
2707,1
2708,1
2709,1
2710,1
2711,1
2712,0
2713,0
2714,4
2715,0
2716,0
2717,0
2718,0
2719,0
2720,1
2721,2
2722,2
2723,2
2724,2
2725,2
2726,2
2727,2
2728,2
2729,2
2730,2
2731,2
2732,3
2733,4
2734,5
2735,4
2736,3
2737,3
2738,3
2739,3
2740,5
2741,5
2742,3
2743,5
2744,2
2745,2
2746,2
2747,2
2748,3
2749,3
2750,3
2751,3
2752,5
2753,4
2754,4
2755,5
2756,1
2757,3
2758,3
2759,3
2760,2
2761,2
2762,2
2763,2
2764,3
2765,4
2766,3
2767,3
2768,3
2769,3
2770,3
2771,3
2772,3
2773,3
2774,3
2775,3
2776,3
2777,3
2778,3
2779,3
2780,3
2781,3
2782,3
2783,3
2784,3
2785,3
2786,3
2787,3
2788,3
2789,3
2790,3
2791,3
2792,3
2793,3
2794,3
2795,3
2796,3
2797,3
2798,3
2799,3
2800,2
2801,2
2802,2
2803,2
2804,2
2805,2
2806,2
2807,3
2808,2
2809,2
2810,2
2811,2
2812,3
2813,3
2814,3
2815,3
2816,3
2817,4
2818,3
2819,3
2820,3
2821,3
2822,4
2823,0
2824,2
2825,2
2826,2
2827,3
2828,3
2829,3
2830,3
2831,3
2832,3
2833,5
2834,3
2835,5
2836,3
2837,3
2838,3
2839,0
2840,2
2841,2
2842,2
2843,2
2844,2
2845,2
2846,2
2847,2
2848,2
2849,2
2850,2
2851,2
2852,5
2853,5
2854,5
2855,5
2856,3
2857,5
2858,5
2859,5
2860,5
2861,3
2862,4
2863,4
2864,2
2865,2
2866,2
2867,2
2868,0
2869,3
2870,3
2871,3
2872,5
2873,4
2874,4
2875,4
2876,3
2877,4
2878,3
2879,3
2880,3
2881,2
2882,2
2883,2
2884,2
2885,2
2886,2
2887,2
2888,2
2889,2
2890,2
2891,2
2892,5
2893,4
2894,5
2895,3
2896,3
2897,3
2898,3
2899,3
2900,3
2901,3
2902,3
2903,5
2904,2
2905,3
2906,2
2907,2
2908,3
2909,3
2910,3
2911,3
2912,4
2913,4
2914,4
2915,3
2916,3
2917,3
2918,3
2919,3
2920,0
2921,0
2922,0
2923,0
2924,0
2925,0
2926,0
2927,0
2928,0
2929,0
2930,0
2931,0
2932,0
2933,0
2934,0
2935,0
2936,0
2937,0
2938,0
2939,0
2940,0
2941,0
2942,0
2943,0
2944,0
2945,0
2946,0
2947,0
2948,0
2949,0
2950,0
2951,0
2952,0
2953,0
2954,0
2955,0
2956,0
2957,0
2958,0
2959,0
2960,2
2961,2
2962,2
2963,2
2964,2
2965,2
2966,2
2967,2
2968,2
2969,2
2970,2
2971,2
2972,5
2973,5
2974,5
2975,5
2976,3
2977,3
2978,3
2979,0
2980,4
2981,4
2982,4
2983,5
2984,2
2985,2
2986,2
2987,2
2988,3
2989,3
2990,3
2991,3
2992,5
2993,5
2994,4
2995,4
2996,3
2997,3
2998,3
2999,3
3000,5
3001,5
3002,2
3003,5
3004,4
3005,2
3006,2
3007,2
3008,5
3009,4
3010,4
3011,2
3012,4
3013,4
3014,4
3015,4
3016,4
3017,5
3018,5
3019,5
3020,5
3021,5
3022,4
3023,5
3024,2
3025,4
3026,2
3027,2
3028,4
3029,4
3030,5
3031,5
3032,5
3033,5
3034,5
3035,5
3036,5
3037,1
3038,1
3039,1
3040,2
3041,1
3042,1
3043,1
3044,1
3045,1
3046,1
3047,1
3048,2
3049,1
3050,1
3051,1
3052,1
3053,1
3054,1
3055,1
3056,1
3057,1
3058,1
3059,1
3060,1
3061,1
3062,1
3063,1
3064,1
3065,1
3066,1
3067,1
3068,1
3069,1
3070,1
3071,1
3072,1
3073,1
3074,1
3075,1
3076,1
3077,1
3078,1
3079,1
3080,2
3081,1
3082,2
3083,2
3084,2
3085,1
3086,2
3087,2
3088,2
3089,2
3090,2
3091,2
3092,2
3093,1
3094,1
3095,5
3096,1
3097,3
3098,0
3099,0
3100,1
3101,1
3102,1
3103,0
3104,2
3105,1
3106,2
3107,2
3108,1
3109,1
3110,3
3111,1
3112,3
3113,5
3114,0
3115,0
3116,3
3117,3
3118,0
3119,0
3120,2
3121,2
3122,2
3123,2
3124,2
3125,1
3126,2
3127,2
3128,2
3129,2
3130,2
3131,2
3132,2
3133,2
3134,4
3135,4
3136,3
3137,3
3138,3
3139,3
3140,3
3141,3
3142,1
3143,5
3144,2
3145,2
3146,2
3147,2
3148,3
3149,3
3150,3
3151,3
3152,4
3153,4
3154,4
3155,5
3156,3
3157,3
3158,3
3159,3
3160,2
3161,2
3162,2
3163,2
3164,3
3165,2
3166,2
3167,2
3168,2
3169,3
3170,3
3171,3
3172,3
3173,3
3174,3
3175,3
3176,3
3177,3
3178,3
3179,3
3180,3
3181,3
3182,3
3183,3
3184,3
3185,3
3186,3
3187,3
3188,3
3189,3
3190,3
3191,3
3192,3
3193,3
3194,3
3195,3
3196,3
3197,3
3198,3
3199,3
3200,2
3201,2
3202,2
3203,2
3204,2
3205,2
3206,2
3207,2
3208,2
3209,2
3210,2
3211,2
3212,4
3213,4
3214,5
3215,3
3216,3
3217,3
3218,3
3219,3
3220,5
3221,4
3222,3
3223,0
3224,2
3225,2
3226,2
3227,2
3228,3
3229,3
3230,3
3231,3
3232,5
3233,5
3234,3
3235,3
3236,3
3237,3
3238,3
3239,3
3240,2
3241,2
3242,2
3243,2
3244,2
3245,2
3246,2
3247,2
3248,2
3249,2
3250,2
3251,2
3252,4
3253,5
3254,5
3255,5
3256,3
3257,3
3258,3
3259,3
3260,5
3261,4
3262,5
3263,0
3264,2
3265,2
3266,2
3267,2
3268,3
3269,4
3270,3
3271,3
3272,5
3273,5
3274,4
3275,5
3276,4
3277,3
3278,3
3279,3
3280,2
3281,2
3282,2
3283,2
3284,2
3285,2
3286,2
3287,2
3288,2
3289,2
3290,2
3291,2
3292,4
3293,4
3294,5
3295,4
3296,3
3297,3
3298,3
3299,3
3300,3
3301,3
3302,3
3303,0
3304,2
3305,2
3306,2
3307,2
3308,3
3309,3
3310,3
3311,3
3312,4
3313,4
3314,3
3315,4
3316,3
3317,3
3318,3
3319,3
3320,0
3321,0
3322,0
3323,0
3324,0
3325,0
3326,0
3327,0
3328,0
3329,0
3330,0
3331,0
3332,0
3333,0
3334,0
3335,0
3336,0
3337,0
3338,0
3339,0
3340,0
3341,0
3342,0
3343,0
3344,0
3345,0
3346,0
3347,0
3348,0
3349,0
3350,0
3351,0
3352,0
3353,0
3354,0
3355,0
3356,0
3357,0
3358,0
3359,0
3360,2
3361,2
3362,2
3363,2
3364,2
3365,2
3366,2
3367,2
3368,2
3369,2
3370,2
3371,2
3372,5
3373,5
3374,5
3375,5
3376,3
3377,3
3378,3
3379,3
3380,4
3381,4
3382,4
3383,5
3384,2
3385,2
3386,2
3387,2
3388,3
3389,3
3390,3
3391,3
3392,5
3393,5
3394,5
3395,4
3396,3
3397,3
3398,3
3399,3
3400,2
3401,2
3402,2
3403,2
3404,4
3405,4
3406,4
3407,4
3408,2
3409,5
3410,5
3411,5
3412,5
3413,5
3414,5
3415,5
3416,3
3417,3
3418,4
3419,3
3420,5
3421,4
3422,4
3423,4
3424,2
3425,2
3426,5
3427,5
3428,4
3429,4
3430,5
3431,5
3432,5
3433,5
3434,5
3435,5
3436,4
3437,5
3438,3
3439,3
3440,1
3441,1
3442,1
3443,1
3444,1
3445,1
3446,1
3447,1
3448,2
3449,2
3450,5
3451,1
3452,1
3453,1
3454,1
3455,1
3456,5
3457,1
3458,1
3459,1
3460,4
3461,1
3462,1
3463,1
3464,1
3465,1
3466,1
3467,1
3468,1
3469,1
3470,1
3471,1
3472,1
3473,5
3474,1
3475,1
3476,1
3477,1
3478,1
3479,1
3480,2
3481,2
3482,2
3483,0
3484,2
3485,2
3486,2
3487,2
3488,2
3489,2
3490,2
3491,2
3492,1
3493,1
3494,1
3495,3
3496,0
3497,1
3498,3
3499,3
3500,1
3501,1
3502,3
3503,1
3504,2
3505,2
3506,2
3507,2
3508,3
3509,1
3510,1
3511,1
3512,3
3513,3
3514,0
3515,0
3516,3
3517,0
3518,0
3519,0
3520,2
3521,2
3522,2
3523,2
3524,1
3525,2
3526,2
3527,2
3528,2
3529,2
3530,2
3531,2
3532,4
3533,4
3534,5
3535,4
3536,3
3537,3
3538,3
3539,3
3540,3
3541,3
3542,3
3543,3
3544,2
3545,2
3546,2
3547,2
3548,1
3549,3
3550,3
3551,3
3552,1
3553,3
3554,4
3555,3
3556,3
3557,3
3558,3
3559,3
3560,3
3561,3
3562,3
3563,3
3564,3
3565,3
3566,3
3567,3
3568,3
3569,3
3570,3
3571,3
3572,3
3573,3
3574,3
3575,3
3576,3
3577,3
3578,3
3579,3
3580,3
3581,3
3582,3
3583,3
3584,3
3585,3
3586,3
3587,3
3588,3
3589,3
3590,3
3591,3
3592,3
3593,3
3594,3
3595,3
3596,3
3597,3
3598,3
3599,3
3600,2
3601,2
3602,2
3603,2
3604,2
3605,2
3606,2
3607,2
3608,2
3609,2
3610,2
3611,2
3612,5
3613,4
3614,5
3615,4
3616,5
3617,5
3618,3
3619,0
3620,4
3621,4
3622,3
3623,0
3624,2
3625,2
3626,2
3627,2
3628,3
3629,3
3630,3
3631,3
3632,5
3633,4
3634,4
3635,3
3636,3
3637,5
3638,3
3639,3
3640,5
3641,5
3642,5
3643,2
3644,5
3645,2
3646,2
3647,2
3648,5
3649,5
3650,5
3651,2
3652,5
3653,5
3654,5
3655,5
3656,5
3657,5
3658,5
3659,5
3660,4
3661,5
3662,5
3663,5
3664,5
3665,2
3666,5
3667,5
3668,5
3669,5
3670,3
3671,3
3672,5
3673,4
3674,4
3675,4
3676,5
3677,5
3678,5
3679,3
3680,2
3681,2
3682,3
3683,2
3684,2
3685,2
3686,2
3687,2
3688,2
3689,2
3690,2
3691,2
3692,3
3693,4
3694,5
3695,4
3696,3
3697,3
3698,3
3699,3
3700,3
3701,3
3702,3
3703,5
3704,2
3705,2
3706,2
3707,2
3708,3
3709,3
3710,3
3711,3
3712,5
3713,3
3714,3
3715,3
3716,3
3717,3
3718,3
3719,3
3720,0
3721,0
3722,0
3723,0
3724,0
3725,0
3726,0
3727,0
3728,0
3729,0
3730,0
3731,0
3732,0
3733,0
3734,0
3735,0
3736,0
3737,0
3738,0
3739,0
3740,0
3741,0
3742,0
3743,0
3744,0
3745,0
3746,0
3747,0
3748,0
3749,0
3750,0
3751,0
3752,0
3753,0
3754,0
3755,0
3756,0
3757,0
3758,0
3759,0
3760,2
3761,2
3762,2
3763,2
3764,2
3765,2
3766,2
3767,2
3768,4
3769,4
3770,2
3771,2
3772,5
3773,5
3774,5
3775,5
3776,3
3777,3
3778,3
3779,3
3780,4
3781,4
3782,4
3783,5
3784,2
3785,2
3786,2
3787,2
3788,3
3789,3
3790,3
3791,3
3792,5
3793,5
3794,5
3795,4
3796,3
3797,3
3798,3
3799,3
3800,2
3801,2
3802,2
3803,2
3804,5
3805,5
3806,4
3807,5
3808,2
3809,2
3810,2
3811,2
3812,5
3813,5
3814,5
3815,5
3816,5
3817,4
3818,5
3819,4
3820,5
3821,5
3822,5
3823,5
3824,3
3825,3
3826,3
3827,3
3828,5
3829,5
3830,1
3831,5
3832,5
3833,3
3834,5
3835,5
3836,5
3837,3
3838,5
3839,5
3840,5
3841,5
3842,5
3843,1
3844,5
3845,1
3846,1
3847,1
3848,5
3849,5
3850,1
3851,1
3852,5
3853,1
3854,1
3855,1
3856,5
3857,5
3858,1
3859,1
3860,5
3861,5
3862,1
3863,1
3864,5
3865,5
3866,5
3867,5
3868,5
3869,5
3870,1
3871,1
3872,5
3873,5
3874,1
3875,1
3876,5
3877,1
3878,1
3879,1
3880,2
3881,1
3882,2
3883,2
3884,2
3885,2
3886,1
3887,1
3888,2
3889,1
3890,1
3891,1
3892,1
3893,1
3894,1
3895,5
3896,1
3897,3
3898,3
3899,3
3900,1
3901,1
3902,1
3903,1
3904,2
3905,2
3906,2
3907,2
3908,1
3909,1
3910,1
3911,1
3912,1
3913,0
3914,0
3915,0
3916,1
3917,0
3918,3
3919,0
3920,2
3921,2
3922,2
3923,2
3924,2
3925,2
3926,2
3927,2
3928,2
3929,2
3930,2
3931,2
3932,5
3933,4
3934,4
3935,4
3936,3
3937,3
3938,3
3939,3
3940,1
3941,5
3942,5
3943,5
3944,2
3945,2
3946,2
3947,2
3948,1
3949,3
3950,3
3951,3
3952,5
3953,4
3954,4
3955,5
3956,3
3957,3
3958,3
3959,3
3960,2
3961,3
3962,2
3963,2
3964,3
3965,2
3966,2
3967,2
3968,3
3969,2
3970,2
3971,2
3972,3
3973,4
3974,5
3975,5
3976,3
3977,3
3978,3
3979,3
3980,3
3981,3
3982,3
3983,3
3984,3
3985,3
3986,3
3987,3
3988,3
3989,3
3990,3
3991,3
3992,3
3993,3
3994,3
3995,3
3996,3
3997,3
3998,3
3999,3
4000,2
4001,2
4002,2
4003,2
4004,2
4005,2
4006,2
4007,2
4008,2
4009,2
4010,2
4011,2
4012,4
4013,4
4014,5
4015,4
4016,5
4017,5
4018,3
4019,3
4020,4
4021,4
4022,4
4023,0
4024,2
4025,2
4026,2
4027,2
4028,3
4029,3
4030,3
4031,3
4032,5
4033,4
4034,4
4035,4
4036,3
4037,0
4038,3
4039,3
4040,2
4041,2
4042,2
4043,0
4044,2
4045,2
4046,2
4047,2
4048,2
4049,2
4050,2
4051,2
4052,5
4053,5
4054,5
4055,5
4056,3
4057,3
4058,3
4059,3
4060,5
4061,4
4062,4
4063,0
4064,2
4065,2
4066,2
4067,2
4068,3
4069,3
4070,3
4071,3
4072,5
4073,5
4074,5
4075,4
4076,3
4077,3
4078,3
4079,3
4080,2
4081,2
4082,2
4083,2
4084,2
4085,2
4086,2
4087,2
4088,2
4089,2
4090,2
4091,2
4092,4
4093,4
4094,5
4095,4
4096,3
4097,3
4098,3
4099,3
4100,3
4101,3
4102,5
4103,5
4104,2
4105,2
4106,2
4107,3
4108,3
4109,3
4110,3
4111,3
4112,4
4113,5
4114,3
4115,4
4116,3
4117,3
4118,3
4119,3
4120,0
4121,0
4122,0
4123,0
4124,0
4125,0
4126,0
4127,0
4128,0
4129,0
4130,0
4131,0
4132,0
4133,0
4134,0
4135,0
4136,0
4137,0
4138,0
4139,0
4140,0
4141,0
4142,0
4143,0
4144,0
4145,0
4146,0
4147,0
4148,0
4149,0
4150,0
4151,0
4152,0
4153,0
4154,0
4155,0
4156,0
4157,0
4158,0
4159,0
4160,2
4161,2
4162,2
4163,2
4164,2
4165,2
4166,2
4167,2
4168,2
4169,2
4170,2
4171,2
4172,5
4173,5
4174,5
4175,3
4176,3
4177,3
4178,3
4179,3
4180,4
4181,4
4182,4
4183,4
4184,2
4185,2
4186,2
4187,2
4188,3
4189,3
4190,3
4191,3
4192,5
4193,5
4194,5
4195,4
4196,3
4197,3
4198,3
4199,3
4200,4
4201,5
4202,5
4203,5
4204,4
4205,5
4206,5
4207,5
4208,5
4209,5
4210,5
4211,5
4212,5
4213,4
4214,5
4215,5
4216,4
4217,3
4218,5
4219,5
4220,5
4221,4
4222,4
4223,4
4224,4
4225,5
4226,5
4227,5
4228,4
4229,4
4230,5
4231,5
4232,4
4233,5
4234,5
4235,4
4236,4
4237,4
4238,3
4239,5
4240,1
4241,1
4242,1
4243,1
4244,1
4245,1
4246,1
4247,1
4248,1
4249,1
4250,1
4251,1
4252,1
4253,1
4254,1
4255,1
4256,1
4257,1
4258,1
4259,1
4260,1
4261,1
4262,1
4263,1
4264,1
4265,1
4266,1
4267,1
4268,1
4269,1
4270,1
4271,1
4272,1
4273,1
4274,1
4275,1
4276,1
4277,1
4278,1
4279,1
4280,2
4281,2
4282,2
4283,0
4284,1
4285,1
4286,1
4287,1
4288,2
4289,1
4290,2
4291,2
4292,1
4293,3
4294,1
4295,5
4296,1
4297,3
4298,0
4299,3
4300,1
4301,1
4302,3
4303,0
4304,2
4305,2
4306,1
4307,2
4308,3
4309,1
4310,1
4311,1
4312,1
4313,0
4314,0
4315,0
4316,1
4317,0
4318,3
4319,0
4320,2
4321,2
4322,2
4323,2
4324,1
4325,2
4326,2
4327,2
4328,2
4329,2
4330,2
4331,2
4332,5
4333,3
4334,5
4335,5
4336,1
4337,3
4338,3
4339,3
4340,3
4341,3
4342,1
4343,5
4344,2
4345,2
4346,2
4347,2
4348,1
4349,3
4350,3
4351,3
4352,1
4353,4
4354,4
4355,3
4356,1
4357,3
4358,3
4359,3
4360,2
4361,2
4362,2
4363,2
4364,2
4365,2
4366,2
4367,2
4368,2
4369,3
4370,2
4371,2
4372,3
4373,3
4374,3
4375,3
4376,3
4377,3
4378,3
4379,3
4380,3
4381,3
4382,3
4383,3
4384,3
4385,3
4386,3
4387,3
4388,3
4389,3
4390,3
4391,3
4392,3
4393,3
4394,3
4395,3
4396,3
4397,3
4398,3
4399,3
4400,2
4401,2
4402,2
4403,2
4404,3
4405,3
4406,3
4407,3
4408,3
4409,3
4410,2
4411,2
4412,3
4413,3
4414,3
4415,5
4416,3
4417,3
4418,3
4419,3
4420,5
4421,4
4422,3
4423,3
4424,3
4425,3
4426,3
4427,3
4428,3
4429,3
4430,3
4431,3
4432,0
4433,5
4434,3
4435,3
4436,3
4437,3
4438,3
4439,3
4440,3
4441,3
4442,3
4443,3
4444,2
4445,2
4446,2
4447,2
4448,3
4449,3
4450,3
4451,3
4452,3
4453,3
4454,3
4455,3
4456,3
4457,3
4458,3
4459,3
4460,3
4461,3
4462,3
4463,3
4464,3
4465,3
4466,3
4467,3
4468,3
4469,3
4470,3
4471,3
4472,4
4473,3
4474,4
4475,3
4476,3
4477,3
4478,3
4479,3
4480,2
4481,2
4482,2
4483,2
4484,2
4485,2
4486,2
4487,2
4488,2
4489,2
4490,2
4491,2
4492,4
4493,4
4494,5
4495,4
4496,3
4497,3
4498,3
4499,3
4500,5
4501,4
4502,3
4503,5
4504,2
4505,2
4506,2
4507,2
4508,3
4509,3
4510,3
4511,3
4512,4
4513,4
4514,3
4515,5
4516,3
4517,3
4518,3
4519,3
4520,0
4521,0
4522,0
4523,0
4524,0
4525,0
4526,0
4527,0
4528,0
4529,0
4530,0
4531,0
4532,0
4533,0
4534,0
4535,0
4536,0
4537,0
4538,0
4539,0
4540,0
4541,0
4542,0
4543,0
4544,0
4545,0
4546,0
4547,0
4548,0
4549,0
4550,0
4551,0
4552,0
4553,0
4554,0
4555,0
4556,0
4557,0
4558,0
4559,0
4560,3
4561,3
4562,2
4563,3
4564,2
4565,3
4566,3
4567,3
4568,3
4569,3
4570,3
4571,3
4572,5
4573,3
4574,3
4575,3
4576,3
4577,0
4578,3
4579,3
4580,3
4581,3
4582,3
4583,3
4584,2
4585,2
4586,2
4587,2
4588,3
4589,3
4590,3
4591,3
4592,3
4593,3
4594,3
4595,3
4596,3
4597,3
4598,3
4599,3
4600,5
4601,2
4602,3
4603,5
4604,4
4605,2
4606,4
4607,4
4608,3
4609,3
4610,3
4611,2
4612,5
4613,5
4614,5
4615,4
4616,4
4617,5
4618,5
4619,5
4620,5
4621,4
4622,5
4623,5
4624,2
4625,2
4626,2
4627,2
4628,1
4629,4
4630,5
4631,5
4632,3
4633,3
4634,5
4635,5
4636,3
4637,3
4638,3
4639,3
4640,1
4641,1
4642,1
4643,1
4644,1
4645,1
4646,1
4647,1
4648,1
4649,1
4650,1
4651,1
4652,1
4653,1
4654,1
4655,1
4656,1
4657,1
4658,1
4659,1
4660,1
4661,1
4662,1
4663,1
4664,1
4665,1
4666,1
4667,1
4668,1
4669,1
4670,1
4671,1
4672,1
4673,1
4674,1
4675,1
4676,1
4677,1
4678,1
4679,1
4680,2
4681,2
4682,2
4683,2
4684,2
4685,1
4686,1
4687,1
4688,2
4689,2
4690,0
4691,0
4692,1
4693,1
4694,1
4695,0
4696,1
4697,0
4698,1
4699,3
4700,3
4701,1
4702,1
4703,0
4704,2
4705,2
4706,2
4707,2
4708,3
4709,3
4710,3
4711,3
4712,3
4713,3
4714,3
4715,0
4716,0
4717,1
4718,0
4719,0
4720,2
4721,2
4722,2
4723,2
4724,2
4725,2
4726,2
4727,2
4728,2
4729,2
4730,2
4731,2
4732,5
4733,4
4734,4
4735,4
4736,3
4737,3
4738,3
4739,3
4740,5
4741,1
4742,5
4743,5
4744,2
4745,2
4746,2
4747,2
4748,1
4749,3
4750,3
4751,3
4752,5
4753,4
4754,4
4755,5
4756,1
4757,3
4758,3
4759,3
4760,3
4761,2
4762,3
4763,2
4764,2
4765,2
4766,2
4767,2
4768,2
4769,2
4770,2
4771,3
4772,3
4773,3
4774,4
4775,4
4776,3
4777,3
4778,3
4779,3
4780,3
4781,3
4782,3
4783,3
4784,3
4785,3
4786,3
4787,3
4788,3
4789,3
4790,3
4791,3
4792,3
4793,3
4794,3
4795,3
4796,3
4797,3
4798,3
4799,3
4800,2
4801,2
4802,2
4803,2
4804,2
4805,2
4806,2
4807,2
4808,2
4809,2
4810,2
4811,2
4812,4
4813,5
4814,5
4815,5
4816,3
4817,3
4818,3
4819,3
4820,4
4821,4
4822,4
4823,0
4824,2
4825,2
4826,2
4827,2
4828,3
4829,3
4830,3
4831,3
4832,0
4833,5
4834,4
4835,4
4836,3
4837,0
4838,3
4839,3
4840,2
4841,2
4842,2
4843,2
4844,2
4845,2
4846,2
4847,2
4848,2
4849,2
4850,2
4851,2
4852,5
4853,5
4854,5
4855,5
4856,3
4857,4
4858,3
4859,3
4860,4
4861,5
4862,4
4863,4
4864,2
4865,2
4866,2
4867,2
4868,3
4869,3
4870,3
4871,3
4872,5
4873,5
4874,4
4875,4
4876,3
4877,4
4878,3
4879,3
4880,2
4881,2
4882,2
4883,2
4884,2
4885,2
4886,2
4887,2
4888,2
4889,2
4890,2
4891,2
4892,3
4893,3
4894,5
4895,5
4896,3
4897,3
4898,3
4899,3
4900,5
4901,4
4902,3
4903,5
4904,2
4905,2
4906,2
4907,2
4908,3
4909,3
4910,3
4911,3
4912,4
4913,0
4914,0
4915,0
4916,3
4917,3
4918,3
4919,0
4920,0
4921,0
4922,0
4923,0
4924,0
4925,0
4926,0
4927,0
4928,0
4929,0
4930,0
4931,0
4932,0
4933,0
4934,0
4935,0
4936,0
4937,0
4938,0
4939,0
4940,0
4941,0
4942,0
4943,0
4944,0
4945,0
4946,0
4947,0
4948,0
4949,0
4950,0
4951,0
4952,0
4953,0
4954,0
4955,0
4956,0
4957,0
4958,0
4959,0
4960,2
4961,2
4962,2
4963,2
4964,2
4965,2
4966,2
4967,2
4968,2
4969,2
4970,2
4971,2
4972,5
4973,2
4974,5
4975,5
4976,3
4977,3
4978,3
4979,3
4980,4
4981,4
4982,4
4983,4
4984,2
4985,2
4986,2
4987,2
4988,3
4989,3
4990,3
4991,3
4992,5
4993,5
4994,4
4995,4
4996,3
4997,3
4998,3
4999,3
5000,2
5001,2
5002,2
5003,5
5004,4
5005,4
5006,2
5007,2
5008,2
5009,2
5010,2
5011,5
5012,5
5013,5
5014,5
5015,5
5016,3
5017,3
5018,3
5019,3
5020,5
5021,5
5022,5
5023,5
5024,5
5025,4
5026,2
5027,2
5028,4
5029,3
5030,5
5031,3
5032,5
5033,5
5034,4
5035,4
5036,4
5037,3
5038,4
5039,3
5040,1
5041,1
5042,1
5043,1
5044,5
5045,5
5046,5
5047,5
5048,1
5049,1
5050,1
5051,1
5052,1
5053,1
5054,1
5055,1
5056,1
5057,1
5058,1
5059,1
5060,4
5061,5
5062,5
5063,1
5064,1
5065,1
5066,1
5067,1
5068,5
5069,5
5070,5
5071,5
5072,0
5073,0
5074,1
5075,1
5076,1
5077,1
5078,1
5079,1
5080,0
5081,0
5082,0
5083,0
5084,2
5085,2
5086,2
5087,0
5088,2
5089,2
5090,0
5091,0
5092,0
5093,4
5094,5
5095,4
5096,0
5097,0
5098,0
5099,0
5100,5
5101,5
5102,0
5103,1
5104,0
5105,2
5106,2
5107,2
5108,1
5109,1
5110,1
5111,0
5112,0
5113,0
5114,0
5115,0
5116,0
5117,0
5118,0
5119,0
5120,2
5121,2
5122,2
5123,2
5124,2
5125,2
5126,2
5127,2
5128,2
5129,2
5130,2
5131,2
5132,4
5133,4
5134,5
5135,4
5136,3
5137,3
5138,3
5139,3
5140,5
5141,5
5142,4
5143,5
5144,2
5145,2
5146,2
5147,2
5148,3
5149,3
5150,3
5151,3
5152,4
5153,5
5154,4
5155,5
5156,3
5157,3
5158,3
5159,3
5160,2
5161,2
5162,2
5163,2
5164,2
5165,2
5166,2
5167,2
5168,2
5169,2
5170,2
5171,2
5172,5
5173,3
5174,3
5175,3
5176,3
5177,3
5178,3
5179,3
5180,3
5181,3
5182,3
5183,3
5184,3
5185,4
5186,3
5187,3
5188,4
5189,3
5190,3
5191,3
5192,3
5193,3
5194,3
5195,3
5196,3
5197,3
5198,3
5199,3
